-- phpMyAdmin SQL Dump
-- version 4.6.4
-- https://www.phpmyadmin.net/
--
-- Host: 127.0.0.1
-- Generation Time: Apr 24, 2017 at 03:41 PM
-- Server version: 5.7.14
-- PHP Version: 5.6.25

SET SQL_MODE = "NO_AUTO_VALUE_ON_ZERO";
SET time_zone = "+00:00";


/*!40101 SET @OLD_CHARACTER_SET_CLIENT=@@CHARACTER_SET_CLIENT */;
/*!40101 SET @OLD_CHARACTER_SET_RESULTS=@@CHARACTER_SET_RESULTS */;
/*!40101 SET @OLD_COLLATION_CONNECTION=@@COLLATION_CONNECTION */;
/*!40101 SET NAMES utf8mb4 */;

--
-- Database: `cms`
--

-- --------------------------------------------------------

--
-- Table structure for table `employees`
--

CREATE TABLE `employees` (
  `id` int(11) NOT NULL,
  `uid` int(11) NOT NULL,
  `attendance` int(11) NOT NULL,
  `date` date NOT NULL
) ENGINE=InnoDB DEFAULT CHARSET=latin1;

--
-- Dumping data for table `employees`
--

INSERT INTO `employees` (`id`, `uid`, `attendance`, `date`) VALUES
(1, 3, 1, '2017-03-24'),
(2, 4, 1, '2017-03-24'),
(3, 21, 0, '2017-03-24'),
(4, 22, 0, '2017-03-24'),
(5, 3, 1, '2017-03-24'),
(6, 4, 0, '2017-03-24'),
(7, 21, 0, '2017-03-24'),
(8, 22, 0, '2017-03-24'),
(9, 3, 0, '2017-04-05'),
(10, 4, 1, '2017-04-05'),
(11, 21, 0, '2017-04-05'),
(12, 22, 1, '2017-04-05'),
(13, 3, 0, '2017-04-06'),
(14, 4, 1, '2017-04-06'),
(15, 21, 0, '2017-04-06'),
(16, 22, 0, '2017-04-06'),
(17, 3, 0, '2017-04-08'),
(18, 4, 1, '2017-04-08'),
(19, 21, 0, '2017-04-08'),
(20, 22, 0, '2017-04-08'),
(21, 3, 0, '2017-03-24'),
(22, 4, 1, '2017-03-24'),
(23, 21, 0, '2017-03-24'),
(24, 22, 0, '2017-03-24'),
(25, 3, 1, '2017-04-07'),
(26, 4, 0, '2017-04-07'),
(27, 21, 1, '2017-04-07'),
(28, 22, 0, '2017-04-07'),
(29, 3, 0, '2017-04-18'),
(30, 4, 0, '2017-04-18'),
(31, 21, 0, '2017-04-18'),
(32, 22, 0, '2017-04-18'),
(33, 3, 1, '2017-03-10'),
(34, 226, 1, '2017-03-10'),
(35, 227, 1, '2017-03-10'),
(36, 228, 1, '2017-03-10'),
(37, 3, 0, '2017-04-25'),
(38, 226, 1, '2017-04-25'),
(39, 227, 0, '2017-04-25'),
(40, 228, 1, '2017-04-25'),
(41, 3, 1, '2017-04-04'),
(42, 226, 1, '2017-04-04'),
(43, 227, 1, '2017-04-04'),
(44, 228, 1, '2017-04-04'),
(45, 3, 1, '2017-04-23'),
(46, 226, 1, '2017-04-23'),
(47, 227, 1, '2017-04-23'),
(48, 228, 1, '2017-04-23'),
(49, 3, 1, '2017-04-17'),
(50, 226, 1, '2017-04-17'),
(51, 227, 0, '2017-04-17'),
(52, 228, 1, '2017-04-17'),
(53, 3, 0, '2017-04-18'),
(54, 226, 1, '2017-04-18'),
(55, 227, 1, '2017-04-18'),
(56, 228, 0, '2017-04-18'),
(57, 3, 1, '2017-04-23'),
(58, 226, 1, '2017-04-23'),
(59, 227, 0, '2017-04-23'),
(60, 228, 0, '2017-04-23');

-- --------------------------------------------------------

--
-- Table structure for table `inventory`
--

CREATE TABLE `inventory` (
  `id` int(11) NOT NULL,
  `inventory_name` varchar(255) NOT NULL
) ENGINE=InnoDB DEFAULT CHARSET=latin1;

--
-- Dumping data for table `inventory`
--

INSERT INTO `inventory` (`id`, `inventory_name`) VALUES
(1, 'rice'),
(2, 'flour'),
(3, 'onion'),
(5, 'Potato'),
(6, 'curd'),
(7, 'ghee'),
(8, 'slice');

-- --------------------------------------------------------

--
-- Table structure for table `inventory_log`
--

CREATE TABLE `inventory_log` (
  `id` int(11) NOT NULL,
  `inventory_id` int(11) NOT NULL,
  `quantity` int(11) NOT NULL,
  `type` varchar(255) NOT NULL,
  `amount` int(11) NOT NULL,
  `inventory_ts` timestamp NOT NULL DEFAULT CURRENT_TIMESTAMP ON UPDATE CURRENT_TIMESTAMP
) ENGINE=InnoDB DEFAULT CHARSET=latin1;

--
-- Dumping data for table `inventory_log`
--

INSERT INTO `inventory_log` (`id`, `inventory_id`, `quantity`, `type`, `amount`, `inventory_ts`) VALUES
(1, 1, 100, 'bought', 300, '2017-03-06 14:13:48'),
(2, 1, 10, 'consumed', 0, '2017-03-06 14:14:20'),
(4, 2, 1222, 'bought', 0, '2017-03-06 15:41:22'),
(5, 2, 200, 'consumed', 0, '2017-03-06 15:40:00'),
(7, 1, 25, 'bought', 0, '2017-04-23 06:52:59'),
(8, 1, 5, 'bought', 10, '2017-03-08 16:00:26'),
(9, 1, 200, 'bought', 500, '2017-04-23 06:49:35'),
(10, 7, 12, 'bought', 50, '2017-04-23 06:57:50'),
(11, 8, 2, 'bought', 50, '2017-04-23 07:54:07');

-- --------------------------------------------------------

--
-- Table structure for table `item`
--

CREATE TABLE `item` (
  `id` int(11) NOT NULL,
  `item_name` varchar(255) NOT NULL,
  `amount` int(255) NOT NULL,
  `quantity` int(255) NOT NULL,
  `image` blob NOT NULL
) ENGINE=InnoDB DEFAULT CHARSET=latin1;

--
-- Dumping data for table `item`
--

INSERT INTO `item` (`id`, `item_name`, `amount`, `quantity`, `image`) VALUES
(110, 'Sweetlime Juice', 30, 40, 0xffd8ffe000104a46494600010100000100010000ffdb0084000906071012121010101215150f1210151510101015100f1510101515161715121515181d2820181a251d151521312125292b2e2e2f171f3338332c37282d2e2b010a0a0a0e0d0e1a10101b2d1f1d252d2d2d2d2d2d2d2d2d2d2d2d2d2d2d2d2d2d2d2d2d2d2d2d2d2d2d2d2d2d2d2d2d2d2d2d2d2d2d2d2d2d2d2d2d2d2d2d2d2dffc000110800c900fb03011100021101031101ffc4001c0000010501010100000000000000000000000102030405060708ffc400421000020102040305060305070305010000010200031104122131054151061322617107328191a1b12352c1144272d1e133536282b2f0f14373c216246392a215ffc4001a010002030101000000000000000000000000010203040506ffc4003311000202010303020307040301010000000001021103122131044151132232617105142381b1c1f03391a1d152e1f14262ffda000c03010002110311003f00f0f930080040020010008004002001000800400200100080040020010008004002001000800400200100080040020010008004002001000800400200100080040020010008004002001000800400200100080040020010008004002001000800400200100080040020024800a1a21d886310e489964289048db2e490ba42d8e951136f2d8a6d19a75a86da3716442d153025c37bc2f21913d24a0d27b976c3a099ed976a88d005ce823b7447546c52074115b1eb894dc8b9972ba0d5100c21b8d4a234b08f722e4bc0d69256572684b495322115301d4f78a49d0d3a64c48e92bdc9b9af00847483b129af00f6b6d0564b5af0439a4c5a906680b57c842d00d48492201000801231da43724e485ac761085b094bb114b288892201000800a203438c44c588624bf1f0552e424d913baecb763f0f88a54ddcd42590b16a6ea0037b65cb949fac718ed6c8b7b9babd81c18fdcaa7d58fe823708be585b275ec4613fbaa9f17a9fce57e9631ea66c703f67dc35d8f79449e56356a8394ee459c6b078f185b395f697d84a7810b88c23b36159b2bd37f1361d8fbb76e6875009d6fd6fa51931d6e892679ad6dcc51e098d118c430109251e44c5932224402ac4f802c1940c41bc7d83b8a6202b4b09040410009210400200397948b10b54eb1c16c0324c0490184002003ad10d0eb445940040690196e3657916e24b2d9025a58baaa32ad4755bdf2ab328bf5b0322801b1350eeec7d598c6f81165803bebebacc36cb290ea2e69ba54a64a3ab02aeba1561b1064a326148f51e31c56be3b08ca48c95f0e2a645005eaa0ce05f7d185a6c7ee87e457c33c8b116bfc2658f05bb11e9263d80da02d8431ae44e8258404880200590667a256843bc7d82c75e20b4577dccb10ec6c0410009242080090024a7bc8480699625b0848c049018b001506b1318fa9120ee240b004000cb317242624b8ac225c8c231176972beda5e6192dd924779c2fb3d826a6cce48aa05f2b646509d7c6458dc196c62aac0ea3b10283d20a8730a75592c15572e601ae42922d766d659072aa22eacd9e25d94e1fdd92986542174230d548bdb7164d47a46a2bc05fccf2baf428e63ff00baa2baeddcd516f2d584ccdcbc7f92dafe5051a34aeb7c5d3209b5850a86fe42ef1272be3fc857f28f5de1dd8cc1b61c33516be504d47a5400db7f709b7c6694b7e17f7ffa2b6797711c0f0fa6c4af10a357c47f0a9e16a1275db317cb2b96dbbfd7fe80b1c7a8e0bbaa23f65a68ee8190aaad2774db315009009dae758f56c4b49e79c46904ab5500b05765b5ef6ca6dbf3da4a2ed0844da532e41037eb04214c4321a9bc9c4632480220092420800400553156e2612601001b20316002ac4c0531021440b50080c5224f1bdc84d6c26532fb4556194f491b560194f492b4166861b0ec546930659c54d96462da3d97b11c0455c3a57771e3a654a2817e4195ae6def03250cf14b9071674fc0bb37470ece691233e52c84ae4cea2c595001949e7ada359958b49ad89b95cb7f0806d63d64bd7ae1a0d271b89ec0e05cb3770d989b9b547d4fa6694b927d89db5dcbd81eca5140c05272084be7ab558782d9742d6d32af2e51ac8c4d1bcb4f12299a41ad4ed60b75dba5cc97ad2e76169471d4bd97e133e628c35dbbed35f9995bc9ab675fdc146b82ff00687b1f8665efcbb23d2a696d43a7774ae72dad7ebce4de685723a67cf1598bb339dd98b1f526e7ef2f4e8aacb783c2865bdf9ccd972548b611b564af81163acad657649e31dfb10eb0f558fd32ae2f0805b59663c960b1a20ee44b350fd24068886a1fa6863d3b49464579214ac65a4ecaac2d1580a8209ee0c52b2562b1452322e74591836ac8a0445800e8805bed10d725b51a4a99b5224541d245b64a90b5069083f710caae0caf69ace700113e5135c308c81afc29bc0474339dd52a9d9a70bd8f56f6638ebd1a9489f72a5c7f0b0bfdef399d4647065e959da8ab327de5a27a0777917de58681eaf1aea58682415249752c5a077791fde18b40d6a91faec349cb7b43c777780c59bd89a4507ad4f00ff54bfa79b9e58af9919aa4cf9e0cf446134385b68c3ce65ea16e997e265d6da6745a350e8237c82e0af8d1a5fce598dee4a25132f18ad12023a9b49c792bc8bda432c32886031c863484c75e005955d2676f73a118d248a214cbacc2168c02001002ed36d250d6e6e8b544ca641a2762bb0824c8caa9a2a169b68e6806f58a48710cd1d1134384d5f7858cc7d5c7865d899defb39c665c43a5880f4efaf553fd4ce2f5d1f6266bc6f73d355e716522f489034839520a1ead1c656144a1a5a98a85cd1a621acd26981e79ed87179708b4ff00bcaea3e0a0b7dd44e9fd991d59afc27fe8a333a89e3369e8d33132cf0ff7ad7dc4a73fc24f1f268e4f3332d970c44df53bc6d821b88a3e13a98e12dc92467e59a6c950148ac2869411d89c7621b4b6cc624431c918bb8f5106e90e0ae4913e49459d1d25312e39f5616858e848c41680e8b94869f094cb93643825441d241b64e91358480e8a6fbcdb17b239b355261092d851e448c4f92df0b6f1fa899fa95ec2cc4fdc757d99af931541b917ca7fcc08fd44e3f531d5899ae3c9ebd4da79d99a1132cadf0487a9928b112032d5c085064d0863992423c9bdb36275c2d3e5f88e7d7c207dcceefd911de72fa232f52f648f3569da4657c92611aceb21915c58e1c9af71d662348c56173ac6d3a0ee39d858eb124ec9194489ac96c1985a14c2d0d2c23a1368818cb11924b71b78c072bc054494985e467c16625ef459949baca0bbcbd9cf5c965944ad3658d10b01268830d2004f41c5a4248d389ec4e8c3acada2e246aaa39c8e96054ab585e6a86d130655ef647df794915d01abe5049d0dadc970d89cac0db691cb0728b411d9d9a9478caab2b01eeb03f2379865d249a68d0b244f79c254ccaa46c403f39e4b223622d2999fb132458d031e25b1222932c4221a8d248478a7b5dae5b188bc9282fcd9989fb09e8fec98a589bf2ccb9d36ce1ec6750a34b0118163be12ad0cb35a0ef05f78f4b0d687823a891a25ad111a664ad058990f48ed00d2a6162646449153424620800e4de264a1c92de40d16412c32968ed2a2e642d268ad89001d4a265d8b82488b4477b412b2339e94424cb1232b76ed8e5430d744e389be4777717a8d93f4455a44ec245cd7722e0d120c31e716b4459ef7d91c41a984c331dcd14bfa8001facf21d5c34e592f9b36c1dc5336d260ae4b495611403c4b508526588457ac64d08f12eded746c6d70402572afc901fd67a4fb3f13f422ef9bfd4c9972352a473c68a9d87d6f36535cb22a72f030e18f48efe64b53f031b0c7f2c2fe61b3ec30d13f961abe62d298c34cfe5325a88e8627c0c7b0b44870aa47f58b44587bc90627aac4f12ecc2e5dd0efda139ac5e94bb30d7f210bd33ca1a26bb86b4319299da3f7a0d4bc0c3407231ea61b077462b25645924ca6cd2fd945b7e5337a8cbcab5688047acb23264189dd08f530a169616a6b646d3fc2db1da3725e496394572c7b619c6a5180ea41123a9792f8ca2fb955b797456c669bb90b4d2e639ba418a3aa44e04a0dd44f86a198f90de4273d281ec5ceeb94a3510a23c4e54173b9d84b3146591d2213928a3d53d99e28be0a9df75775ff00f448fa11383f6a63d1d435f4fd09e295c4ec96729adcb9122c8a024065a8421962422bd6326908f05ed4d3cf8cc535f7acc3ff00af87f49ea3a4969c315f2324ef53d8cc186f59a7510d43b201cfeb0abec2d6fc8f1580e63ef0f45becc5ea3f23c6380e9f287dd1b0f5470e229cd7e568bee73ecc3d51cb8da6797ced13e926bb87aa39aad33fba3e921e84fc92f5485fbbfca47a497a33f23f5881d1797d6d24b1cbbb1facbc10b8b7eefca3d0fc8fd48b233517f2c2a5e42e3e04ce3a475222d443bd1d0c298a862ee249f0526c6526c00b93a0035b99857269ec747c33b1e7c35313ea290d391b66235f809294dc5196797c1b2703497408a147ba00503d2c267725cb2872f2445145c816279991d7a63b11ba441570f9b95febf289647dc1330f8970447b902cdf986ff19763ea2517f22d8e467395708d4c90df0236226cf563915a3a1d334ed8978a8d7668e072e5d79999b2dea2137b9629283737f9cae4dada84b83238835dcea2c349d5e963a71fd4c7965723d2bd91d5fc0ac9f96bdfe0c8bfc8cf3ff6dc7f1632f2bf7668c1f0d1e8a86709f25e48a6568912032d426234b1112ae20e864d059e11c73143bdab9756351c93c85d8cf51d2f4d294137b22a9e551d9190eee7727e1a4dcb046253a9c888a9967b910d31626b1eb9217a71175e91acebb91789f6003ca379b1f90f472781c29372117af0ecc5e94bb8f145f90313cd1168254a7507f595b9c1f61e9f99264323a9050e5a7d4c8b930a429a087723e222729781aaf244d80a676a8a22b9ff00c495af233ffe7fff002ac2e5ff00161a97929a2ea3d649bd8acf4dec1701536c4d504ff740ff00aff413220cb3ff00e51d2f17c48d85f2a5c2defa13cc74dbe92acdba334998b52a03fa4cbcc957042c89975b7590534d9125c3a0e7f6122e0dbb1a64953019bdd04df6007f2924fc9329e37b0d8cae0e4a0dea74b197e39c93b4997e394a2ed1875fd9bf15517fd9c9fe165d7e7362ccbc3fec6f5d440a38ce0b8ac3afe3d174037245c0f523495394652d87ae327b32a503e18a7c962e0c563727d675a3b230bdd9e83ec8ab78f149d453207a1607f49c3fb6a3ed83fafec68c2f767aaa19e6e5b33422453208912096a42118c991b29e2daca4f94b1203e77ad5496637dd89f999ef60928afa181eec6e73d624bb929570494c16f4e64eb69566caa0be64f1e2d6c96951b9002ea6609e47cb67421d3a8ab66ad1e16bd6edd0e9f299259db20d88f85b1b01eb053eec88c6c3ff00bda3d61454ad8845e773e53563c795fc8aa7e9f72b3e38f202698e2af89d99e493e089b12c79fca5f1f4d762b78e5e461a84f332d4f19070985a37920bb8d629bec169079d7624b0bee19647d7f912f43e649c23086b56a5487ef38b9e8a3563f206659ba8b2a6eb73daa9d414a9855b00a065507a6db72991ce91459935aa17bdfcf9f33bf394dd9064068dafaea3ec7cff00ded29c89adc8d11804b281a93b5afaf94a38a23476fd9fec63b2f79893ddd21adb999aa18a4d5c9d44d18f0b91d450387a22d87a62ff009dc5c9f394cfacc705f84adf9674b1f4897c41571f54fef11e961e9b4a25d5e697768d0b0c17617f6ca96d1db9eb726db6a7ac9fde7269b4dfd45e946f824a78a56bad540e39dc0161d65d8faabdb27bbfc154fa74f8394ed27b38c162c547c19ee2bd89ca07858f9aff002d668838cdfe1be3b3fd8a9fa98fe68f05e3dc071183aa686250ab8d8eeae3f329e62756192338da298bb6743ecb2b5b15517935027e2aebfccce67db11bc29fcff62ec3f133d811a79699a9132991489125e5888b6358cb108cfe28f6a6e7fc27ed2c82dd01f3c299eea5c33143e242c908bb456c808d98efe9ca7333caf235e0e974ab6468708a7725ba68263cf2a5468caf6a34dcd879f2f599e0ad99d8ea64816dfd75849dbb0d28c6e2d8a52d900200dedce75ba1c0b4eb97e466cd26bda8cdee41d88f8e93a12491446c6b513d2474791ebbe044a24fa4a32e450dbb9a30e073dfb12ad1e9324b237c9ba38547814a48d92d2094893602e7ca372a22e0bb938e1cfe5f590fbc22ad30f06af61b0cbdf3d4fc94ec3d58eff207e7279a6f4d1c6cdb23afc4626fa79e80dac26172b666b130edadb9df4b5b5d65b0024c6d52abf4b7912397cbe50c8b606773d8de009469ae2abaddc8ba29e44f2952d108fa93e171f534f4f81c99b95f18d548cc45c6c06c074b4cb3ea259defd8eac71a82d8aac45fa7fc99924b7e28b57039105858122d7e7f5e92d86354a95a22e5e455d140dcea7cb79286392824b7e5fcb9136aec54dae74e7f3d7e7211d95cb6fe7ea37f20a6cc2db837dc75841ca357b306932af6b7b3d4f8961595d477e809a7500d411b1fe73ad8334a71d6be25cfcd1cfcd8f44ad1e27d8ea4d4b1dddb8b3aad4461d08b5ffd32dfb49a9f4b6be4c8e07ef3d569549e4672a66f45957845d8128697a4444632680cbe32ff008557fedb7d8cbb12f7afa8bb1e1e98551cb94f672959cf8498f5c327410b23a996f13447774954dac09b7a99c994bf164ceaf48fdb65ce1d8665a6091a137bccd9a49c8b724d39129dd47a9918ed16c88e63604c8a56e8672d56a66627a99e9b145460a273a6ee4d8924b790ded1fa8b4ef7d22c93d29bf03c78f5c947c96c39f5f59c67bbb677230495224cc00f7753d2e3491dc741469062145c127d60e4d2b07b2b37a8e01145948f53a5ccc929b93dcc529b6f71ff00b1fa7cc4562b29763deddff5213ff29bb3f071b3f6357115bfe7fe660463b169e23e636b5fe52f521a66c766e89c562e8d33aadc1206c02ffc81f18a6dcaa3e7627156cf5be2c6c55068aa0051b6bd651d7cbdea1d97ea767a68a51b33af6d4ffbb4c49697668e46bd517b9d89d0fe53d0c9ea5aadf1e7c30ad8b55f0c6def5f37b874be62341f1fe536cfa6daaeeca63937e07606e94d811aee2e3911bf96c65dd32f470692193df92c8912e2e74bdc8bef6bf498d62738eb96cbe65ce493a421a82e7afe63a1bcccf24549febdc928ec3f8657c950124d8e846f7bc7d0e570cbcf22cd0d51e0f30ed960050e374d9745ae19bd582b03ff008cec674df4d923e1feafff004e6e1da67434ea4f239793a28b74ea431b132c2b4d51220cd2d488b66471c7fc1abff6dbfd2668c0bf123f541d8f1a0df69ebd9cf88fa4d068896ea30b27f0ebf39c89afc497d4eb74cfd8745c387e1a8f298727c4464fdcc2ae0d589b686dca1aaa3f98949a667717c2ba527235d2da79cd1d254b2c47926b49c91046f3d27261149918f0d939f2912501accbd53a825e4d9d146e6df82c2ef69cf6752c7546d4ff00bd225c02e0bfc1e9eacdd069ea65599ed4559dec91aaed61332dccc8008d8cc6ecf57cb508db32f2ea3fa133a1955a38d9d5c6cd3aefaeb3069dcc2d0d156303b9f648c0e2dc9fdda635f8ff00493c7fd48d97625ee3d1788b1cccd71ab68343a4c5d5ca5a9cafb9dbc4955157bcb9f2e9a1d252b226f9d8b2a86572ba0cbd6fb8fb4b6528d25a7f9f90927e4d4e0c69e88c36b15524b116e7afbbf39d2e95c6945afcaeff00f0cd993e51a78eae995ad6b85b9f21aebf79ab2ce3a594c13b473284d8dc5c5cd8dcb684f9ce34a9ad95afad9b850c37b0b6d6d797da659493574abfd7e84a86d11e204f5ff7ce43147de9b5dc727b1c7fb505078af0d0a35fc5faaa7f59e8722b865af0bf73930fea120d2793cb1e59d244d4aa4a62b7065b4a93640ad8e6797a444c7e3cc7b9aa3ad36ff499ab02f7c7ea84f83c7514f33cb94f55292f0608a1e89afbc7e924e5f223458a640b024fa9f59caccbdee8eb74bf01d76185956dd04e5cb920f9244ddbe1097c2817252e36df87fe69afecf5f8b7f22acff09ccd81dc4f4062431f0c849e5e9231bd28b2537a9852c11b120fce62eb26b52474fa07ed6c725070469e7a6b31b92a37daa2120f392246bf081e127ce65cdc94677ee2e543b7a89087252497900392a358a90c370675dab398f754cdcefc3a8707e1e7314e34cc128d3a19de48d103a9f66bc5450c6d32deed4054df99d08fb189bd0d4bc3278dd33d8f89d2f1136b86d50f2d663eb70d646eb9e0ee609dc5148301a37c87eb32a9c22aa5fd97ee5d4df03198ff009795bac9a9c9bf90a91370ac4a5266ef0dae0904dfc85cfd6de93774796389b5936b29cf1735ed2c55c70ef0b26aac975bed6b91b79feb353cd173b5c3456b1b51a6557a794e65365dedf97ca61cb0d13b8ba45d195aa617001cc7a72d49eb794494547ddfcf9ff1135cec4fc329035501bf5371a586b25d263bcc9323965506d1e6bda9e2b4eaf1ca6cc7c141185c9d3bc746b0f2dd675937284fff00d7ec73b1adf5176a559e73362959b94854ab298e17637227a75e698c1906cd1a383a8ca1940208bdaf633a18fa39b8a922a735662719aaa1591880c7c2013adce9b4b316193955039248f2bc7618d2ab529ef918807a8e47e22c677aed1952dc853793644b1863a91e739bd42f733abd23fc33ac5a56032e9a7c3e5398e5bee56d053a962d98731a8d46d1ca3715424fc94f8eb7816df9bf43367d9cbf11df82aea3e139e13b8f86648f2809de0b842972cb14369cceb3e33add0ff4ff00327a277f43f698d9b2427310246df0bc3a14d546a4f94cf91bb32e66f58faf804256d71afaf23083d9fd0ab5b14f0e3c9be921a89eb3cf2f3b6734b583c5e5d0ec7e8657382922bc90d45f3541e7fcad28d14cccd318b8a6565753aab02a45b420dc4345aa62a3e81ec5f1f5c7e0d0023be51aae97b8dd651252c98de17f12ff0028ddd365a7b965e9db96b722d38ce1a1556f747553b000822e2c39e6d6da1b8f5dbe52f8a716b6a5f3fd3ea27ba195012a491a90001fe1bed24e6dc5b7fc424a9ec06d64b72d2f7bede2fd64e59365a7f95b8ab7764a7c3bed7d879ded09b70dd896e21406e4ed6b8f3bf390694adbdd7f3f9f52447c7389d3c0616ae26a9f115b22ec6dcbe2769bf062708eaffea5c7d0c5d4e5bf6a3c83b3b5959aae26b05a8f59cb554d0e8750ba83d7a7da6e58bda927c155d6c6b56c4e085f28af4ff85cb0f935ed33e5c1925c24c9c6514546e31875047795b5b0175436d6fd266fbb6549fb57f727ae1e482a71ba43fead61fe4a7a7adc451e9f37fc57f70738793d67b2f8aa5dce439dad4ed7f08274b13a4efc3138c52d8cce49b383e2d8ac161f1b50d6c3d4398a95605492081addee06a397499e7824f23d52dbc226a6ab64627b475a0ddce270d44d2a41423dfc45c9248666d89b9b7ca5f1852d2885ef6702715d268f4dbe0aec9b86e20e7b1e645a60eaf0ca2b51bba3c8adc4ef1361384f92e1b4f76f51f69297088a337b43486453b1cdcb4e537fd9927ea3fa14750bda739e21cefeba4edb71699961f120ef7a82249476d88b7b96a8382343393d626b21d8e8bfa458a3cff84cc8cd2c1778161d070bfecc7c7ef32e4e4c79be365927c49f1fb423f0cbf22a7ca252655633cb677cc21680077846c6149909453187167fe348fd3447d337bb19da67c1d63505428b949cb94b0761b29b1badf5d6c7f595e5e9d4b74ea4b862707d8f7ce05da8c1f11a6191c256d2ea7999cecd8e19bdb2f64ff53460ea5c766696370ac08bea353997517279de65ea3a79a6b571e51bb1e58be0881d2fd351f3fe520a7edbfe73fe8956e342e9cb624e9b5c1bdbce24ad7e5fb0c968d36a970016b0b69b0e9793c6a59ad56aec464d47e4263788d0c2a83588a95cfb94914d462d6bd8002ec7d26dc78943e3f74bc7263cbd47689f3ff6fbb615b88d6cc6e30ebfd9d3e5fc44759bb1c37d52e7f42849f2c9b807123950d4a4b50a2e5f1dc5c0dacc3dd36eb2339a8cb665895f268d7e2586205e855527714aaad50beb99645ce5da4bf9f99250466e22be14e96c40d6f72b4be57bda475e5abf6ff9078e3fca2338ac305b65aede7969161cb4d7490fc5be62bf363a8d7fe1b5c23b755a80cb452b92366a8b4af6e9ee19a3d7cc9539c7f9f990d11f0c6e23b4b88c45557ab450b03a3d6cd5027985502df0123eac9bf74efe8bfd58d4576451ed8716ab88c809f081a8249bb0d2f663a0e824e39353d9341a68e5bf6506fee8f4603e9797c734a245c1306c19553516a2123f73c79ec3723c36faf23273cab22a68704e0ed1d5708e25991731d6dbce266c0e3274685334e937bdebfa094cb8449143b407f0d7f8bf49bbecdfea3fa14f51f09cf739da970cc90f8905f787613e49529a91b6bf29ceeaa4d643add125e992d2a675b31f74efaccae5e51a9a10171d0fd23f68f73a1e1958f76b753f0d79cc9963eed99932bf732ca5652ebaf5d36e90506a0ff22bb565932924799f773bb6620c915898d34e164463518d4806d3c3824092d40696130b529366a750a9ea34919e38e45525645c54b93ade1fed371f85b2d461556c37394e928fbbc97c12aff22a92e19d1d0f6d74187e2e17c5cc800feb232c391fc518bfe7d09ac9923c11627db3d3b5a95020f9002f08e1cab88c6237926cce7f69d8ec478548a09b662a4dc7dbef2df4a4f694bfb106a6f9322b1a6ce6ad5c7bf7963634ddf30bee065daf2d863c70f849c635d8e5cd31d57ebfca44b0b985c6641e12c0dada0d08e8758a8280e34f2bfc72feb795bc5164ac0635ba0f8ebf6b43d180ed83635f9103d00fd61e943c05b1871750fefb7c095fb49284570856c89ea93ef127d493f793018584003344034b137fe16fb18e3ca065de18e72795e55957b89645b9a785c532dec6e2fb1f494e5c6a49118c9a1bc6b1ea512fa1cdfa4bbecfc2d4e5f4219a768cb470674e69a4ca61f12085912c513a4e6f55fd43afd17f489a973fe1332b34b05832699d0f0bfecd7e3f79932fc464cbf1324750592e01df7f492849a8ca8a5add129a09d3ea643d490f4a3ca67a430840020010008004002001000800400200100080040020010008004002001000801b3d9ce14958b35527bb5755214e4dd6a546766b1b22a51a8c6c0936005af709b01dc430187ba55c333351ef969d457be8cc332d8900d880e2d6d0a1d482095605eed370123115a861690cb87b9a8d9941a86a06aaa10335dac82c154124213ce3028e27b278ca6d95913de652456c395197bccc59b3d954773545dac2f4d86e0885817b03c21571180a4f48176a55bbea6c747ad4eb62540637b7fd351bdb4880978e767c3a61df05490e6b8abdcd45606ae6a68d90336634d6a3150fa8d46bce098156af646b77740a58e22a662d4b3d3b64ccaa9512a5f210dde5302cc4b17168ec0a747b2f8c64154535eeca86ccd5b0e9656c99730670549ef69d81b139c5a1602ffe97c6d89ee8580fef28df31bfe1819ae6a784f83de1d21605bed0766abae22a0a348772d8814e9647a6c03b9b2533e2395b6d0ea2e2f6b882607391809000800400200100080040020010008004002001000800400200100080040020010034782f166c3b12066425588be521d2f95d5ac4020330b1054862083789a024e29c68d5642102a23060b704b32aaa82c542ae8a8aa02aaa803402e6e501af85edbd446773481a8e4f8854a89e12d598235bde41dfb0b1fca9d2d0a023a5db270ece690f117272bb230cef8a6ba38d5587ed4d63fe010a02b710ed43d5c42625a9a8645aa32e6620f7af558dc9d74ef4fca14033847695f0e2985a6ac129ba788b0ccb52a2546bdb6f76df18501753b6441a56a0bdd52445a74f3be8693a3d2666dcd8d317daf98eda58a02c718e30bfb0ad3fc235b1193bc34ea77872d3a786b3326f4daf482953b9ce4696880b07b66af8762f457bca388a5570e8d5aa9b5521bc4884e9490a27e18d2cdbf385009d9bed17795ad59682d2fdb1714e2ad5346cd9e88cc8c6c1b284272deec18db510a038732480200100080040020010008004002001000800400200100080040020010008004002001000800400200100080040020010003000801fffd9),
(111, 'Schezwan Rice', 70, 60, ''),
(113, 'veg noodles', 40, 50, ''),
(114, 'Chicken Schezwan Noodles', 60, 90, ''),
(115, 'Dahi Puri', 25, 30, ''),
(116, 'Masala Dosa', 40, 45, ''),
(117, 'Maggie', 30, 40, ''),
(118, 'Idli', 25, 30, ''),
(119, 'Watermelon Juice', 30, 40, ''),
(120, 'Apple Milkshake', 40, 50, ''),
(121, 'Chocolate Milkshake', 40, 50, ''),
(122, 'Banana Milkshake', 40, 50, ''),
(123, 'Vada pao', 10, 15, ''),
(125, 'Misal pao', 40, 50, ''),
(126, 'Pav Bhaji', 30, 40, ''),
(127, 'Veg Pulao', 50, 60, ''),
(128, 'Chicken Pulao', 60, 70, ''),
(129, 'Veg Biryani', 50, 60, ''),
(130, 'Chicken Biryani', 60, 70, ''),
(131, 'Veg Sandwhich', 50, 60, ''),
(132, 'Uttapa', 45, 60, ''),
(133, 'Bread omelette', 50, 60, ''),
(134, 'Frooti', 10, 15, ''),
(135, 'Appy', 10, 15, ''),
(136, 'Sprite', 20, 25, ''),
(137, 'Limca', 20, 25, ''),
(138, 'Thumbs Up', 20, 25, ''),
(139, 'Lemonade', 20, 25, ''),
(140, 'Kitkat', 10, 15, ''),
(141, 'Mars', 30, 35, ''),
(142, 'Snickers', 30, 35, ''),
(143, 'Dairymilk', 20, 25, ''),
(144, 'Chapati', 8, 12, ''),
(145, 'Butter Chicken', 40, 45, ''),
(146, 'Rice Plate', 40, 45, ''),
(147, 'Poori Bhaji', 30, 40, ''),
(148, 'Bhindi', 30, 35, ''),
(149, 'Aloo Bhaji', 30, 35, ''),
(150, 'Mutter Paneer', 45, 55, ''),
(151, 'Fruit Bowl', 30, 40, '');

-- --------------------------------------------------------

--
-- Table structure for table `item_order`
--

CREATE TABLE `item_order` (
  `id` int(255) NOT NULL,
  `order_id` int(255) NOT NULL,
  `item_id` int(255) NOT NULL,
  `amount` int(255) NOT NULL,
  `quantity` int(255) NOT NULL,
  `total_amount` int(255) NOT NULL
) ENGINE=InnoDB DEFAULT CHARSET=latin1;

--
-- Dumping data for table `item_order`
--

INSERT INTO `item_order` (`id`, `order_id`, `item_id`, `amount`, `quantity`, `total_amount`) VALUES
(1, 48, 135, 10, 1, 10),
(2, 48, 136, 20, 1, 20),
(3, 49, 135, 10, 1, 10),
(4, 49, 136, 20, 1, 20),
(5, 49, 110, 30, 1, 30),
(6, 50, 135, 10, 1, 10),
(7, 51, 135, 10, 1, 10),
(8, 52, 135, 10, 1, 10),
(9, 52, 135, 10, 1, 10),
(10, 52, 135, 10, 1, 10),
(11, 53, 135, 10, 1, 10),
(12, 54, 135, 10, 1, 10),
(13, 56, 135, 10, 1, 10),
(14, 56, 110, 30, 1, 30),
(15, 57, 135, 10, 1, 10),
(16, 57, 110, 30, 1, 30),
(17, 1, 111, 70, 1, 70),
(18, 1, 113, 40, 1, 40),
(19, 1, 114, 60, 1, 60),
(20, 2, 110, 30, 1, 30),
(21, 2, 113, 40, 1, 40),
(22, 2, 111, 70, 1, 70),
(23, 3, 110, 30, 1, 30),
(24, 3, 136, 20, 1, 20),
(25, 4, 113, 40, 1, 40),
(26, 6, 111, 70, 1, 70),
(27, 6, 111, 70, 1, 70),
(28, 6, 115, 25, 1, 25),
(29, 6, 110, 30, 1, 30),
(30, 0, 110, 30, 1, 30),
(31, 0, 135, 10, 1, 10),
(32, 0, 135, 10, 1, 10),
(33, 0, 135, 10, 1, 10),
(34, 0, 135, 10, 1, 10),
(35, 0, 110, 30, 1, 30),
(36, 0, 110, 30, 1, 30),
(37, 0, 111, 70, 1, 70),
(38, 0, 110, 30, 1, 30),
(39, 0, 110, 30, 1, 30),
(40, 0, 110, 30, 1, 30),
(41, 0, 135, 10, 1, 10),
(42, 0, 135, 10, 1, 10),
(43, 0, 135, 10, 1, 10),
(44, 0, 135, 10, 1, 10),
(45, 0, 110, 30, 1, 30),
(46, 0, 111, 70, 1, 70),
(47, 0, 135, 10, 1, 10),
(48, 0, 135, 10, 1, 10),
(49, 0, 135, 10, 1, 10),
(50, 0, 135, 10, 1, 10),
(51, 0, 110, 30, 1, 30),
(52, 0, 110, 30, 1, 30),
(53, 0, 135, 10, 1, 10),
(54, 0, 135, 10, 1, 10),
(55, 0, 135, 10, 1, 10),
(56, 0, 135, 10, 1, 10),
(57, 0, 135, 10, 1, 10),
(58, 0, 135, 10, 1, 10),
(59, 0, 135, 10, 1, 10),
(60, 0, 135, 10, 1, 10),
(61, 0, 135, 10, 1, 10),
(62, 0, 135, 10, 1, 10),
(63, 0, 135, 10, 1, 10),
(64, 0, 135, 10, 1, 10),
(65, 0, 135, 10, 1, 10),
(66, 0, 135, 10, 1, 10),
(67, 0, 135, 10, 1, 10),
(68, 0, 135, 10, 1, 10),
(69, 0, 135, 10, 1, 10),
(70, 0, 135, 10, 1, 10),
(71, 0, 135, 10, 1, 10),
(72, 0, 135, 10, 1, 10),
(73, 0, 135, 10, 1, 10),
(74, 0, 135, 10, 1, 10),
(75, 0, 135, 10, 1, 10),
(76, 0, 110, 30, 1, 30),
(77, 0, 110, 30, 1, 30),
(78, 0, 110, 30, 1, 30),
(79, 0, 110, 30, 1, 30),
(80, 0, 135, 10, 1, 10),
(81, 0, 135, 10, 1, 10),
(82, 0, 135, 10, 1, 10),
(83, 0, 135, 10, 1, 10),
(84, 0, 135, 10, 1, 10),
(85, 0, 135, 10, 1, 10),
(86, 0, 135, 10, 1, 10),
(87, 0, 135, 10, 1, 10),
(88, 0, 135, 10, 1, 10),
(89, 0, 110, 30, 1, 30),
(90, 0, 135, 10, 1, 10),
(91, 0, 135, 10, 1, 10),
(92, 97, 135, 10, 1, 10),
(93, 97, 110, 30, 1, 30),
(94, 98, 110, 30, 1, 30),
(95, 99, 135, 10, 1, 10),
(96, 99, 110, 30, 1, 30),
(97, 100, 135, 10, 1, 10),
(98, 100, 110, 30, 1, 30),
(99, 101, 135, 10, 1, 10),
(100, 101, 114, 60, 1, 60),
(101, 102, 135, 10, 1, 10),
(102, 103, 110, 30, 1, 30);

-- --------------------------------------------------------

--
-- Table structure for table `offers`
--

CREATE TABLE `offers` (
  `id` int(11) NOT NULL,
  `user_id` int(11) NOT NULL,
  `offer_description` varchar(350) NOT NULL
) ENGINE=InnoDB DEFAULT CHARSET=latin1;

--
-- Dumping data for table `offers`
--

INSERT INTO `offers` (`id`, `user_id`, `offer_description`) VALUES
(16, 2, 'buy one dosa get one juice free'),
(17, 0, 'buy one get one free'),
(18, 0, 'buy 2 get 2 free');

-- --------------------------------------------------------

--
-- Table structure for table `orders`
--

CREATE TABLE `orders` (
  `id` int(255) NOT NULL,
  `user_id` int(255) NOT NULL,
  `employee_id` int(255) NOT NULL,
  `order_ts` timestamp NOT NULL DEFAULT CURRENT_TIMESTAMP ON UPDATE CURRENT_TIMESTAMP
) ENGINE=InnoDB DEFAULT CHARSET=latin1;

--
-- Dumping data for table `orders`
--

INSERT INTO `orders` (`id`, `user_id`, `employee_id`, `order_ts`) VALUES
(1, 2, 4, '2017-04-07 06:36:06'),
(2, 2, 4, '2017-04-07 06:38:44'),
(3, 2, 4, '2017-04-07 06:39:54'),
(4, 2, 4, '2017-04-07 06:42:41'),
(5, 2, 4, '2017-04-07 07:03:18'),
(6, 2, 4, '2017-04-07 07:06:18'),
(7, 5, 3, '2017-04-18 16:15:25'),
(8, 5, 3, '2017-04-18 16:15:38'),
(9, 5, 3, '2017-04-18 16:17:32'),
(10, 5, 3, '2017-04-18 16:17:45'),
(11, 5, 3, '2017-04-18 16:22:52'),
(12, 5, 3, '2017-04-18 16:23:40'),
(13, 5, 3, '2017-04-18 16:23:45'),
(14, 5, 3, '2017-04-18 16:23:51'),
(15, 5, 3, '2017-04-18 16:23:52'),
(16, 5, 3, '2017-04-18 16:23:53'),
(17, 5, 3, '2017-04-18 16:23:58'),
(18, 5, 3, '2017-04-18 16:23:59'),
(19, 5, 3, '2017-04-18 16:30:29'),
(20, 5, 3, '2017-04-18 16:30:37'),
(21, 5, 3, '2017-04-18 16:30:59'),
(22, 5, 3, '2017-04-18 16:31:01'),
(23, 5, 3, '2017-04-18 16:31:02'),
(24, 5, 3, '2017-04-18 16:34:41'),
(25, 5, 3, '2017-04-18 16:36:00'),
(26, 5, 3, '2017-04-18 16:36:04'),
(27, 5, 3, '2017-04-18 16:36:05'),
(28, 5, 3, '2017-04-18 16:36:09'),
(29, 2, 3, '2017-04-18 16:36:40'),
(30, 2, 3, '2017-04-18 16:36:42'),
(31, 2, 3, '2017-04-18 16:36:48'),
(32, 2, 3, '2017-04-18 16:36:49'),
(33, 2, 3, '2017-04-18 16:36:59'),
(34, 2, 3, '2017-04-18 16:37:00'),
(35, 2, 3, '2017-04-18 16:37:00'),
(36, 2, 3, '2017-04-18 16:37:01'),
(37, 2, 3, '2017-04-18 16:37:04'),
(38, 2, 3, '2017-04-18 16:37:09'),
(39, 2, 3, '2017-04-18 16:38:53'),
(40, 2, 3, '2017-04-18 16:38:56'),
(41, 2, 3, '2017-04-18 16:39:07'),
(42, 2, 3, '2017-04-18 16:39:08'),
(43, 2, 3, '2017-04-18 16:39:09'),
(44, 2, 3, '2017-04-18 16:39:11'),
(45, 2, 3, '2017-04-18 16:41:06'),
(46, 2, 3, '2017-04-18 16:41:07'),
(47, 2, 3, '2017-04-18 16:41:07'),
(48, 2, 3, '2017-04-18 16:41:44'),
(49, 2, 3, '2017-04-18 16:41:46'),
(50, 2, 3, '2017-04-18 16:41:53'),
(51, 2, 3, '2017-04-18 16:41:54'),
(52, 2, 3, '2017-04-18 16:41:54'),
(53, 2, 3, '2017-04-18 16:41:55'),
(54, 2, 3, '2017-04-18 16:41:55'),
(55, 2, 3, '2017-04-18 16:41:55'),
(56, 2, 3, '2017-04-18 16:41:56'),
(57, 2, 3, '2017-04-18 16:41:56'),
(58, 2, 3, '2017-04-18 16:41:57'),
(59, 2, 3, '2017-04-18 16:41:57'),
(60, 2, 3, '2017-04-18 16:41:58'),
(61, 2, 3, '2017-04-18 16:41:58'),
(62, 2, 3, '2017-04-18 16:41:59'),
(63, 2, 3, '2017-04-18 16:41:59'),
(64, 2, 3, '2017-04-18 16:42:00'),
(65, 2, 3, '2017-04-18 16:42:01'),
(66, 2, 3, '2017-04-18 16:42:01'),
(67, 2, 3, '2017-04-18 16:42:02'),
(68, 2, 3, '2017-04-18 16:42:02'),
(69, 2, 3, '2017-04-18 16:51:21'),
(70, 2, 3, '2017-04-18 16:51:23'),
(71, 2, 3, '2017-04-18 16:51:23'),
(72, 2, 3, '2017-04-18 16:51:28'),
(73, 2, 3, '2017-04-18 16:53:05'),
(74, 2, 3, '2017-04-18 16:53:09'),
(75, 2, 3, '2017-04-18 16:53:11'),
(76, 2, 3, '2017-04-18 16:53:12'),
(77, 2, 3, '2017-04-19 05:21:37'),
(78, 2, 3, '2017-04-19 05:21:41'),
(79, 2, 3, '2017-04-19 05:22:13'),
(80, 2, 3, '2017-04-19 05:22:19'),
(81, 2, 3, '2017-04-19 05:22:20'),
(82, 2, 3, '2017-04-19 05:22:21'),
(83, 2, 3, '2017-04-19 05:22:22'),
(84, 2, 3, '2017-04-19 05:22:24'),
(85, 2, 3, '2017-04-19 05:22:25'),
(86, 2, 3, '2017-04-19 05:22:26'),
(87, 2, 3, '2017-04-19 05:27:04'),
(88, 2, 3, '2017-04-19 05:28:54'),
(89, 2, 3, '2017-04-19 05:29:38'),
(90, 2, 3, '2017-04-19 05:32:00'),
(91, 2, 3, '2017-04-19 05:33:27'),
(92, 2, 3, '2017-04-19 05:36:07'),
(93, 2, 3, '2017-04-19 05:40:24'),
(94, 2, 4, '2017-04-19 15:42:05'),
(95, 2, 4, '2017-04-19 15:42:08'),
(96, 2, 4, '2017-04-19 15:42:18'),
(97, 2, 4, '2017-04-19 15:45:00'),
(98, 2, 4, '2017-04-19 15:45:58'),
(99, 2, 4, '2017-04-19 15:49:21'),
(100, 2, 4, '2017-04-19 16:14:39'),
(101, 2, 4, '2017-04-20 20:15:38'),
(102, 2, 3, '2017-04-22 13:02:17'),
(103, 2, 3, '2017-04-23 07:50:41');

-- --------------------------------------------------------

--
-- Table structure for table `transaction`
--

CREATE TABLE `transaction` (
  `id` int(11) NOT NULL,
  `user_id` int(11) NOT NULL,
  `type` varchar(255) NOT NULL,
  `amount` int(11) NOT NULL,
  `transaction_ts` timestamp NOT NULL DEFAULT CURRENT_TIMESTAMP ON UPDATE CURRENT_TIMESTAMP
) ENGINE=InnoDB DEFAULT CHARSET=latin1;

--
-- Dumping data for table `transaction`
--

INSERT INTO `transaction` (`id`, `user_id`, `type`, `amount`, `transaction_ts`) VALUES
(1, 2, 'credit', 1000, '2017-03-01 17:50:05'),
(2, 2, 'debit', 200, '2017-03-01 17:50:09'),
(3, 2, 'credit', 100, '2017-03-01 17:50:13'),
(4, 2, 'debit', 150, '2017-03-01 17:50:20'),
(6, 2, 'debit', 100, '2017-03-01 17:52:16'),
(8, 2, 'debit', 100, '2017-03-10 10:27:01'),
(12, 2, 'debit', 120, '2017-03-12 12:06:04'),
(13, 2, 'debit', 100, '2017-03-12 12:21:39'),
(14, 2, 'debit', 30, '2017-03-12 12:24:14'),
(15, 2, 'debit', 10, '2017-03-12 12:43:47'),
(16, 2, 'debit', 160, '2017-03-12 12:59:11'),
(17, 2, 'debit', 30, '2017-04-01 10:55:49'),
(18, 2, 'debit', 60, '2017-04-01 11:19:57'),
(19, 2, 'debit', 10, '2017-04-01 11:26:02'),
(20, 2, 'debit', 10, '2017-04-01 11:36:27'),
(21, 2, 'debit', 10, '2017-04-01 11:41:36'),
(22, 2, 'debit', 10, '2017-04-01 11:54:31'),
(23, 2, 'credit', 1000, '2017-04-01 12:10:19'),
(24, 2, 'credit', 1000, '2017-04-01 12:10:32'),
(25, 2, 'debit', 40, '2017-04-07 06:33:08'),
(26, 2, 'debit', 40, '2017-04-07 06:35:23'),
(27, 2, 'debit', 170, '2017-04-07 06:36:34'),
(28, 2, 'debit', 140, '2017-04-07 06:39:48'),
(29, 2, 'debit', 50, '2017-04-07 06:40:01'),
(30, 2, 'debit', 40, '2017-04-07 07:02:08'),
(32, 5, 'credit', 5000, '2017-04-07 07:35:01'),
(33, 5, 'credit', 5000, '2017-04-07 07:39:42'),
(34, 5, 'credit', 500, '2017-04-07 07:40:02'),
(35, 2, 'debit', 195, '2017-04-07 08:35:24'),
(36, 2, 'debit', 60, '2017-04-19 15:45:09'),
(37, 2, 'debit', 30, '2017-04-19 15:46:05'),
(38, 2, 'debit', 40, '2017-04-19 15:49:27'),
(39, 2, 'debit', 40, '2017-04-19 16:16:00'),
(40, 2, 'debit', 70, '2017-04-20 20:16:01'),
(41, 2, 'debit', 10, '2017-04-22 13:02:22'),
(42, 2, 'debit', 30, '2017-04-23 07:51:26');

-- --------------------------------------------------------

--
-- Table structure for table `users`
--

CREATE TABLE `users` (
  `id` int(11) NOT NULL,
  `uname` varchar(255) NOT NULL,
  `contact` varchar(255) NOT NULL,
  `email` varchar(255) NOT NULL,
  `password` varchar(255) NOT NULL,
  `card_no` varchar(255) NOT NULL,
  `utype` int(11) NOT NULL
) ENGINE=InnoDB DEFAULT CHARSET=latin1;

--
-- Dumping data for table `users`
--

INSERT INTO `users` (`id`, `uname`, `contact`, `email`, `password`, `card_no`, `utype`) VALUES
(2, 'nihal', '9819484961', 'nihal@gmail.com', 'chocolate', '0008054275', 3),
(3, 'tazeen', '9869137510', 'tazeen@gmail.com', 'cloud', '0007959106', 2),
(4, 'daniel', '9987339086', 'daniel@gmail.com', 'lollipops', '0007936641', 0),
(20, 'lavina', '9769883785', 'lavi@gmail.com', 'shopping', '0005343482', 1),
(223, 'nabeel', '9930007587', 'nabeel@gmail.com', '456', '0008049196', 3),
(225, 'sana', '9769977875', 'sana143@yahoo.com', '789456', '0008051280', 3),
(226, 'Sailee', '9821892885', 'sailee@gmail.com', 'theloner', '0005575854\r\n', 2),
(227, 'Nida', '9769259784', 'nida@gmail.com', 'pastanpizza', '0005312740', 2),
(228, 'Dollar', '9619163530', 'bubudoggy@gmail.com', 'sniffsniff', '0005340745', 2),
(229, 'cristiano', '9819985545', 'cr7@gmail.com', 'cr7ronaldo', '0005335922\r\n', 3);

--
-- Indexes for dumped tables
--

--
-- Indexes for table `employees`
--
ALTER TABLE `employees`
  ADD PRIMARY KEY (`id`),
  ADD UNIQUE KEY `id` (`id`),
  ADD UNIQUE KEY `id_2` (`id`);

--
-- Indexes for table `inventory`
--
ALTER TABLE `inventory`
  ADD PRIMARY KEY (`id`);

--
-- Indexes for table `inventory_log`
--
ALTER TABLE `inventory_log`
  ADD PRIMARY KEY (`id`);

--
-- Indexes for table `item`
--
ALTER TABLE `item`
  ADD PRIMARY KEY (`id`);

--
-- Indexes for table `item_order`
--
ALTER TABLE `item_order`
  ADD PRIMARY KEY (`id`);

--
-- Indexes for table `offers`
--
ALTER TABLE `offers`
  ADD PRIMARY KEY (`id`);

--
-- Indexes for table `orders`
--
ALTER TABLE `orders`
  ADD PRIMARY KEY (`id`),
  ADD KEY `user_id` (`user_id`);

--
-- Indexes for table `transaction`
--
ALTER TABLE `transaction`
  ADD PRIMARY KEY (`id`);

--
-- Indexes for table `users`
--
ALTER TABLE `users`
  ADD PRIMARY KEY (`id`);

--
-- AUTO_INCREMENT for dumped tables
--

--
-- AUTO_INCREMENT for table `employees`
--
ALTER TABLE `employees`
  MODIFY `id` int(11) NOT NULL AUTO_INCREMENT, AUTO_INCREMENT=61;
--
-- AUTO_INCREMENT for table `inventory`
--
ALTER TABLE `inventory`
  MODIFY `id` int(11) NOT NULL AUTO_INCREMENT, AUTO_INCREMENT=9;
--
-- AUTO_INCREMENT for table `inventory_log`
--
ALTER TABLE `inventory_log`
  MODIFY `id` int(11) NOT NULL AUTO_INCREMENT, AUTO_INCREMENT=12;
--
-- AUTO_INCREMENT for table `item`
--
ALTER TABLE `item`
  MODIFY `id` int(11) NOT NULL AUTO_INCREMENT, AUTO_INCREMENT=152;
--
-- AUTO_INCREMENT for table `item_order`
--
ALTER TABLE `item_order`
  MODIFY `id` int(255) NOT NULL AUTO_INCREMENT, AUTO_INCREMENT=103;
--
-- AUTO_INCREMENT for table `offers`
--
ALTER TABLE `offers`
  MODIFY `id` int(11) NOT NULL AUTO_INCREMENT, AUTO_INCREMENT=19;
--
-- AUTO_INCREMENT for table `orders`
--
ALTER TABLE `orders`
  MODIFY `id` int(255) NOT NULL AUTO_INCREMENT, AUTO_INCREMENT=104;
--
-- AUTO_INCREMENT for table `transaction`
--
ALTER TABLE `transaction`
  MODIFY `id` int(11) NOT NULL AUTO_INCREMENT, AUTO_INCREMENT=43;
--
-- AUTO_INCREMENT for table `users`
--
ALTER TABLE `users`
  MODIFY `id` int(11) NOT NULL AUTO_INCREMENT, AUTO_INCREMENT=230;
/*!40101 SET CHARACTER_SET_CLIENT=@OLD_CHARACTER_SET_CLIENT */;
/*!40101 SET CHARACTER_SET_RESULTS=@OLD_CHARACTER_SET_RESULTS */;
/*!40101 SET COLLATION_CONNECTION=@OLD_COLLATION_CONNECTION */;
